<?xml version="1.0" encoding="UTF-8" standalone="yes"?>
<addon id="repository.echo" name="[COLOR greenyellow]ECHO[/COLOR] [COLOR white]Repository[/COLOR]" version="1.04" provider-name="Echo Coder">
	<extension point="xbmc.addon.repository" name="Echo Coder Repository">
		<dir>
			<info compressed="false">https://github.com/HHATV/repo/blob/master/repo/plugins/addons.xml</info>
			<checksum>https://github.com/HHATV/repo/blob/master/repo/plugins/addons.xml.md5</checksum>
			<datadir zip="true">hhttp://176.25.118.93/</datadir>
		</dir>
		<info compressed="false">https://raw.githubusercontent.com/echocoderkodi/repository.echo/master/addons.xml</info>
        <checksum>https://raw.githubusercontent.com/echocoderkodi/repository.echo/master/addons.xml.md5</checksum>
        <datadir zip="true">https://raw.githubusercontent.com/echocoderkodi/repository.echo/master/zips/</datadir>
	</extension>
	<extension point="xbmc.addon.metadata">
		<summary>The official Echo Coder Repository.</summary>
		<description>Support available at Twitter: @EchoCoder</description>
		<platform>all</platform>
	</extension>
</addon>
